Seller Flag,Revenue,Revenue_Share,Style_Share
Bottom Seller,700186.7799339294,0.050000744466198885,0.26358041209526356
Mid Seller,2102857.3236637115,0.15016626234974859,0.36874498260636873
Top Seller,11200482.99202919,0.7998329931840525,0.36767460529836765
